{
   "entries": {"resource": [{
      "resourceKindKey": "vSphere World",
      "internalId": "resource:id:0_::_",
      "adapterKindKey": "VMWARE",
      "identifiers": [],
      "name": "vSphere World"
   }]},
   "dashboards": [{
      "shared": false,
      "temporary": false,
      "hidden": false,
      "creationTime": 1762282626112,
      "autoswitchEnabled": false,
      "importAttempts": 0,
      "lastUpdateUserId": "b9a1a5d5-8e7c-4a39-8354-3c0867aeb1ad",
      "columnProportion": "1-1",
      "importComplete": true,
      "description": "",
      "columnCount": 1,
      "widgets": [
         {
            "collapsed": false,
            "id": "bb439188-3522-4dcb-a000-102b4e1680e8",
            "gridsterCoords": {
               "w": 4,
               "x": 1,
               "h": 6,
               "y": 1
            },
            "type": "View",
            "title": "vCenters",
            "config": {
               "refreshInterval": 300,
               "resource": {
                  "resourceId": "resource:id:0_::_",
                  "traversalSpecId": "",
                  "resourceName": "vSphere World",
                  "resourceKindId": "002006VMWAREvSphere World",
                  "id": "Ext.vcops.chrome.model.Resource-138"
               },
               "traversalSpecId": null,
               "refreshContent": {"refreshContent": false},
               "isUpdatedView": true,
               "chartViewItems": [],
               "selectFirstRow": {"selectFirstRow": false},
               "selfProvider": {"selfProvider": true},
               "title": "vCenters",
               "viewDefinitionId": "18e612ae-f6e6-4691-965b-e86661b3f954"
            },
            "height": 324,
            "states": [{
               "value": "o%3Acolumns%3Da%253Ao%25253Aid%25253Ds%2525253ApermTableView_widget_c158aeb7-9a65-43ea-9881-4cc52f202a6c_bb439188-3522-4dcb-a000-102b4e1680e8-column-0%25255Ehidden%25253Db%2525253A0%25255Ewidth%25253Dn%2525253A167.3671875%255Eo%25253Aid%25253Ds%2525253ApermTableView_widget_c158aeb7-9a65-43ea-9881-4cc52f202a6c_bb439188-3522-4dcb-a000-102b4e1680e8-column-summary%2525257Cversion1%25255Ehidden%25253Db%2525253A0%255Eo%25253Aid%25253Ds%2525253ApermTableView_widget_c158aeb7-9a65-43ea-9881-4cc52f202a6c_bb439188-3522-4dcb-a000-102b4e1680e8-column-summary%2525257Ctotal_number_datacenters2%25255Ehidden%25253Db%2525253A0%255Eo%25253Aid%25253Ds%2525253ApermTableView_widget_c158aeb7-9a65-43ea-9881-4cc52f202a6c_bb439188-3522-4dcb-a000-102b4e1680e8-column-summary%2525257Ctotal_number_clusters3%25255Ehidden%25253Db%2525253A0%255Eo%25253Aid%25253Ds%2525253ApermTableView_widget_c158aeb7-9a65-43ea-9881-4cc52f202a6c_bb439188-3522-4dcb-a000-102b4e1680e8-column-summary%2525257Ctotal_number_hosts4%25255Ehidden%25253Db%2525253A0%255Eo%25253Aid%25253Ds%2525253ApermTableView_widget_c158aeb7-9a65-43ea-9881-4cc52f202a6c_bb439188-3522-4dcb-a000-102b4e1680e8-column-summary%2525257Cnumber_running_hosts5%25255Ehidden%25253Db%2525253A0%255Eo%25253Aid%25253Ds%2525253ApermTableView_widget_c158aeb7-9a65-43ea-9881-4cc52f202a6c_bb439188-3522-4dcb-a000-102b4e1680e8-column-summary%2525257Ctotal_number_vms6%25255Ehidden%25253Db%2525253A0%255Eo%25253Aid%25253Ds%2525253ApermTableView_widget_c158aeb7-9a65-43ea-9881-4cc52f202a6c_bb439188-3522-4dcb-a000-102b4e1680e8-column-summary%2525257Cnumber_running_vms7%25255Ehidden%25253Db%2525253A0%255Eo%25253Aid%25253Ds%2525253ApermTableView_widget_c158aeb7-9a65-43ea-9881-4cc52f202a6c_bb439188-3522-4dcb-a000-102b4e1680e8-column-summary%2525257Cnumber_poweredOff_vms8%25255Ehidden%25253Db%2525253A0%255Eo%25253Aid%25253Ds%2525253ApermTableView_widget_c158aeb7-9a65-43ea-9881-4cc52f202a6c_bb439188-3522-4dcb-a000-102b4e1680e8-column-summary%2525257Ctotal_number_datastores9%25255Ehidden%25253Db%2525253A0%255Eo%25253Aid%25253Ds%2525253ApermTableView_widget_c158aeb7-9a65-43ea-9881-4cc52f202a6c_bb439188-3522-4dcb-a000-102b4e1680e8-column-summary%2525257Cavg_vm_density10%25255Ehidden%25253Db%2525253A0",
               "key": "permTableView_widget_c158aeb7-9a65-43ea-9881-4cc52f202a6c_bb439188-3522-4dcb-a000-102b4e1680e8"
            }]
         },
         {
            "collapsed": false,
            "id": "93bf7969-d1c1-4359-9995-0580cb53186a",
            "gridsterCoords": {
               "w": 4,
               "x": 5,
               "h": 6,
               "y": 1
            },
            "type": "View",
            "title": "Host Profiles",
            "config": {
               "refreshInterval": 300,
               "resource": null,
               "traversalSpecId": "",
               "refreshContent": {"refreshContent": false},
               "isUpdatedView": true,
               "chartViewItems": [],
               "selectFirstRow": {"selectFirstRow": false},
               "selfProvider": {"selfProvider": false},
               "title": "Host Profiles",
               "viewDefinitionId": "3d45e27a-5150-4dbc-b1e2-f16f00d3b37c"
            },
            "height": 324,
            "states": [{
               "value": "o%3Acolumns%3Da%253Ao%25253Aid%25253Ds%2525253ApermTableView_widget_c158aeb7-9a65-43ea-9881-4cc52f202a6c_93bf7969-d1c1-4359-9995-0580cb53186a-column-0%25255Ehidden%25253Db%2525253A0%255Eo%25253Aid%25253Ds%2525253ApermTableView_widget_c158aeb7-9a65-43ea-9881-4cc52f202a6c_93bf7969-d1c1-4359-9995-0580cb53186a-column-validationStatus1%25255Ehidden%25253Db%2525253A0%255Eo%25253Aid%25253Ds%2525253ApermTableView_widget_c158aeb7-9a65-43ea-9881-4cc52f202a6c_93bf7969-d1c1-4359-9995-0580cb53186a-column-nonCompliantHosts2%25255Ehidden%25253Db%2525253A0",
               "key": "permTableView_widget_c158aeb7-9a65-43ea-9881-4cc52f202a6c_93bf7969-d1c1-4359-9995-0580cb53186a"
            }]
         },
         {
            "collapsed": false,
            "id": "092a9901-eb1f-41c4-a23d-443bf6ca6ce6",
            "gridsterCoords": {
               "w": 8,
               "x": 1,
               "h": 6,
               "y": 7
            },
            "type": "View",
            "title": "Host Compliance",
            "config": {
               "refreshInterval": 300,
               "resource": null,
               "traversalSpecId": "",
               "refreshContent": {"refreshContent": false},
               "isUpdatedView": true,
               "chartViewItems": [],
               "selectFirstRow": {"selectFirstRow": false},
               "selfProvider": {"selfProvider": false},
               "title": "Host Compliance",
               "viewDefinitionId": "de571a15-2ec7-481c-885b-9021785c8ad8"
            },
            "height": 324,
            "states": [{
               "value": "o%3Acolumns%3Da%253Ao%25253Aid%25253Ds%2525253ApermTableView_widget_c158aeb7-9a65-43ea-9881-4cc52f202a6c_092a9901-eb1f-41c4-a23d-443bf6ca6ce6-column-0%25255Ehidden%25253Db%2525253A0%255Eo%25253Aid%25253Ds%2525253ApermTableView_widget_c158aeb7-9a65-43ea-9881-4cc52f202a6c_092a9901-eb1f-41c4-a23d-443bf6ca6ce6-column-badge%2525257Chealth1%25255Ehidden%25253Db%2525253A0%255Eo%25253Aid%25253Ds%2525253ApermTableView_widget_c158aeb7-9a65-43ea-9881-4cc52f202a6c_092a9901-eb1f-41c4-a23d-443bf6ca6ce6-column-complianceStatus2%25255Ehidden%25253Db%2525253A0%255Eo%25253Aid%25253Ds%2525253ApermTableView_widget_c158aeb7-9a65-43ea-9881-4cc52f202a6c_092a9901-eb1f-41c4-a23d-443bf6ca6ce6-column-failures3%25255Ehidden%25253Db%2525253A0%255Eo%25253Aid%25253Ds%2525253ApermTableView_widget_c158aeb7-9a65-43ea-9881-4cc52f202a6c_092a9901-eb1f-41c4-a23d-443bf6ca6ce6-column-timeSinceLastCheck4%25255Ehidden%25253Db%2525253A0%255Eo%25253Aid%25253Ds%2525253ApermTableView_widget_c158aeb7-9a65-43ea-9881-4cc52f202a6c_092a9901-eb1f-41c4-a23d-443bf6ca6ce6-column-lastCheck5%25255Ehidden%25253Db%2525253A0%255Eo%25253Aid%25253Ds%2525253ApermTableView_widget_c158aeb7-9a65-43ea-9881-4cc52f202a6c_092a9901-eb1f-41c4-a23d-443bf6ca6ce6-column-cpu%2525257Cutilization_average6%25255Ehidden%25253Db%2525253A0%255Eo%25253Aid%25253Ds%2525253ApermTableView_widget_c158aeb7-9a65-43ea-9881-4cc52f202a6c_092a9901-eb1f-41c4-a23d-443bf6ca6ce6-column-mem%2525257Cusage_average7%25255Ehidden%25253Db%2525253A0",
               "key": "permTableView_widget_c158aeb7-9a65-43ea-9881-4cc52f202a6c_092a9901-eb1f-41c4-a23d-443bf6ca6ce6"
            }]
         }
      ],
      "userId": "b9a1a5d5-8e7c-4a39-8354-3c0867aeb1ad",
      "states": [],
      "homeTab": false,
      "name": "Host Profiles",
      "gridsterMaxColumns": 12,
      "rank": 0,
      "disabled": false,
      "id": "c158aeb7-9a65-43ea-9881-4cc52f202a6c",
      "locked": false,
      "dashboardNavigations": {},
      "widgetInteractions": [
         {
            "widgetIdProvider": "bb439188-3522-4dcb-a000-102b4e1680e8",
            "type": "resourceId",
            "widgetIdReceiver": "93bf7969-d1c1-4359-9995-0580cb53186a"
         },
         {
            "widgetIdProvider": "93bf7969-d1c1-4359-9995-0580cb53186a",
            "type": "resourceId",
            "widgetIdReceiver": "092a9901-eb1f-41c4-a23d-443bf6ca6ce6"
         }
      ],
      "lastUpdateTime": 1762283738856
   }],
   "uuid": "d1bd9554-7084-4864-b188-470b92b9ed99"
}